{
  "document_id": "359d138ebaa51bd55a1ede3dded1047d",
  "result_metadata": {
    "collection_id": "b7a6d2a5-dbb8-70f0-0000-016e9594e413"
  },
  "metadata": {
    "parent_document_id": "359d138ebaa51bd55a1ede3dded1047d"
  },
  "enriched_html": [
    {
      "invoice": {
        "totals_due": [
          {
            "amount": {
              "provenance_ids": [
                "IXinKXeEdbPkpnfk1GPgCpUYjzknIEhkUIeVec/Fuc6iumakcCyNK8twQ8huFpx+7",
                "Im0IL42NshZPIlJMSeP//Ox4PB4NgiKkuJhndjdSsKXlbSz1wUImLJOUGvjdwWfu4lx04EPdY+tjGrt+itvEbiA=="
              ],
              "location": {
                "end": 7616,
                "begin": 7608
              },
              "text": "5,841.00"
            },
            "currency": {
              "provenance_ids": [
                "IaRgv+JasUJYkgcSTzB1Ae+y63yVSBE7FHNvUAbw3lsM=",
                "I7s7mk8ZkUntM30PLZkzfgpWWm7ZhKHzHp1C13AkM0Vj7MJKYX6e6nrjy8Ar7DokH",
                "I7s7mk8ZkUntM30PLZkzfgpWWm7ZhKHzHp1C13AkM0VhyGG5oyxN6SSeTjKgHApMx"
              ],
              "location": {
                "end": 7364,
                "begin": 7361
              },
              "text": "EUR",
              "text_normalized": "EUR"
            }
          }
        ],
        "invoice_numbers": [
          {
            "provenance_ids": ["INBZFPtllc9j1ZBxDLbZ6tLbBuX01supTlCpg1wpGJVFhVzFhAgT8qVns1WZuTAIG"],
            "location": {
              "end": 8745,
              "begin": 8738
            },
            "text": "1844956"
          }
        ],
        "suppliers": [
          {
            "provenance_ids": ["IJims5lBBNIHtsfxYogMb0Phzp9KUQBttnN5mSTB1tGQMg0lVMAPB2Xic1JWGcSxu"],
            "location": {
              "end": 8831,
              "begin": 8807
            },
            "text": "INVOICE BNP Paribas S.A."
          }
        ],
        "buyers": [],
        "purchase_order_numbers": [
          {
            "provenance_ids": ["IIxGtjkJkoKYPPfez4CbE6KSk5rOPJlSxrWmxd6zTkZcyyt2vXpvyhi0M+gTAb6Ay"],
            "location": {
              "end": 8319,
              "begin": 8309
            },
            "text": "4620257561"
          }
        ],
        "invoice_dates": [],
        "invoice_parts": [
          {
            "quantity_ordered": {
              "provenance_ids": [
                "IBilxdBixbv/tHnmoiZcTnG2ySc/gBs2cEfXdgnvfTr2lDoXjXR0/mGh44UYdqrcO"
              ],
              "location": {
                "end": 1879,
                "begin": 1876
              },
              "text": "252"
            },
            "part_description": {
              "provenance_ids": [
                "IaPNA/REjJWBW7VFbjals4Xrh6M9+M4tjyL6S9f4L3SxP/BdsglkVfiu3CLepNogu+Cl9mvpA5ZH/eZQMJ8MX7w=="
              ],
              "location": {
                "end": 2195,
                "begin": 2126
              },
              "text": "New Zealand - BOC New Zealand Ltd - Weekly - Service Fee Per Employee"
            },
            "unit_price": {
              "amount": {
                "provenance_ids": [
                  "I6Gcvc/0Wvxc1+U5DtzesGCrwcih5Zyli4I/frE8zeod0T/9bUZJX0mMcPDkjr608ke3rbrviHftbOEYD/6UbaQ=="
                ],
                "location": {
                  "end": 2440,
                  "begin": 2435
                },
                "text": "11.80"
              },
              "currency": {
                "provenance_ids": [
                  "I7s7mk8ZkUntM30PLZkzfgpWWm7ZhKHzHp1C13AkM0VjNLUTXTwzERgAtTQp5TNn9"
                ],
                "location": {
                  "end": 1621,
                  "begin": 1618
                },
                "text": "EUR",
                "text_normalized": "EUR"
              }
            }
          },
          {
            "quantity_ordered": {
              "provenance_ids": [
                "IBilxdBixbv/tHnmoiZcTnG2ySc/gBs2cEfXdgnvfTr2lDoXjXR0/mGh44UYdqrcO"
              ],
              "location": {
                "end": 2951,
                "begin": 2949
              },
              "text": "36"
            },
            "part_description": {
              "provenance_ids": [
                "IaPNA/REjJWBW7VFbjals4Xrh6M9+M4tjyL6S9f4L3SxP/BdsglkVfiu3CLepNogu+Cl9mvpA5ZH/eZQMJ8MX7w=="
              ],
              "location": {
                "end": 3268,
                "begin": 3197
              },
              "text": "New Zealand - Elgas New Zealand Ltd - Weekly - Service Fee Per Employee"
            },
            "unit_price": {
              "amount": {
                "provenance_ids": [
                  "I6Gcvc/0Wvxc1+U5DtzesGCrwcih5Zyli4I/frE8zeod0T/9bUZJX0mMcPDkjr608ke3rbrviHftbOEYD/6UbaQ=="
                ],
                "location": {
                  "end": 3513,
                  "begin": 3508
                },
                "text": "11.80"
              },
              "currency": {
                "provenance_ids": [
                  "I7s7mk8ZkUntM30PLZkzfgpWWm7ZhKHzHp1C13AkM0VjNLUTXTwzERgAtTQp5TNn9"
                ],
                "location": {
                  "end": 1621,
                  "begin": 1618
                },
                "text": "EUR",
                "text_normalized": "EUR"
              }
            }
          },
          {
            "quantity_ordered": {
              "provenance_ids": [
                "IBilxdBixbv/tHnmoiZcTnG2ySc/gBs2cEfXdgnvfTr2lDoXjXR0/mGh44UYdqrcO"
              ],
              "location": {
                "end": 4021,
                "begin": 4018
              },
              "text": "177"
            },
            "part_description": {
              "provenance_ids": [
                "IaPNA/REjJWBW7VFbjals4Xrh6M9+M4tjyL6S9f4L3SxP/BdsglkVfiu3CLepNogu+Cl9mvpA5ZH/eZQMJ8MX7w=="
              ],
              "location": {
                "end": 4346,
                "begin": 4267
              },
              "text": "New Zealand - Linde NZ - 800 New Zealand Ltd - Monthly Service Fee Per Employee"
            },
            "unit_price": {
              "amount": {
                "provenance_ids": [
                  "I6Gcvc/0Wvxc1+U5DtzesGCrwcih5Zyli4I/frE8zeod0T/9bUZJX0mMcPDkjr608ke3rbrviHftbOEYD/6UbaQ=="
                ],
                "location": {
                  "end": 4590,
                  "begin": 4585
                },
                "text": "11.80"
              },
              "currency": {
                "provenance_ids": [
                  "I7s7mk8ZkUntM30PLZkzfgpWWm7ZhKHzHp1C13AkM0VjNLUTXTwzERgAtTQp5TNn9"
                ],
                "location": {
                  "end": 1621,
                  "begin": 1618
                },
                "text": "EUR",
                "text_normalized": "EUR"
              }
            }
          },
          {
            "quantity_ordered": {
              "provenance_ids": [
                "IBilxdBixbv/tHnmoiZcTnG2ySc/gBs2cEfXdgnvfTr2lDoXjXR0/mGh44UYdqrcO"
              ],
              "location": {
                "end": 5099,
                "begin": 5097
              },
              "text": "30"
            },
            "part_description": {
              "provenance_ids": [
                "IaPNA/REjJWBW7VFbjals4Xrh6M9+M4tjyL6S9f4L3SxP/BdsglkVfiu3CLepNogu+Cl9mvpA5ZH/eZQMJ8MX7w=="
              ],
              "location": {
                "end": 5427,
                "begin": 5344
              },
              "text": "New Zealand - Linde NZ - Elgas New Zealand Ltd - Monthly - Service Fee Per Employee"
            },
            "unit_price": {
              "amount": {
                "provenance_ids": [
                  "I6Gcvc/0Wvxc1+U5DtzesGCrwcih5Zyli4I/frE8zeod0T/9bUZJX0mMcPDkjr608ke3rbrviHftbOEYD/6UbaQ=="
                ],
                "location": {
                  "end": 5671,
                  "begin": 5666
                },
                "text": "11.80"
              },
              "currency": {
                "provenance_ids": [
                  "I7s7mk8ZkUntM30PLZkzfgpWWm7ZhKHzHp1C13AkM0VjNLUTXTwzERgAtTQp5TNn9"
                ],
                "location": {
                  "end": 1621,
                  "begin": 1618
                },
                "text": "EUR",
                "text_normalized": "EUR"
              }
            }
          },
          {
            "quantity_ordered": {
              "provenance_ids": [
                "IBilxdBixbv/tHnmoiZcTnG2ySc/gBs2cEfXdgnvfTr2lDoXjXR0/mGh44UYdqrcO"
              ],
              "location": {
                "end": 6844,
                "begin": 6767
              },
              "text": "V.A.T_ Reverse charge mechanism applies (article 44 of Directive 2006/112/EC)"
            },
            "part_description": {
              "provenance_ids": [
                "IaPNA/REjJWBW7VFbjals4Xrh6M9+M4tjyL6S9f4L3SxP/BdsglkVfiu3CLepNogu+Cl9mvpA5ZH/eZQMJ8MX7w=="
              ],
              "location": {
                "end": 6844,
                "begin": 6767
              },
              "text": "V.A.T_ Reverse charge mechanism applies (article 44 of Directive 2006/112/EC)"
            }
          }
        ],
        "currencies": [
          {
            "provenance_ids": ["I7s7mk8ZkUntM30PLZkzfgpWWm7ZhKHzHp1C13AkM0VjNLUTXTwzERgAtTQp5TNn9"],
            "location": {
              "end": 1621,
              "begin": 1618
            },
            "text": "EUR",
            "text_normalized": "EUR"
          },
          {
            "provenance_ids": [
              "IaRgv+JasUJYkgcSTzB1Ae+y63yVSBE7FHNvUAbw3lsM=",
              "I7s7mk8ZkUntM30PLZkzfgpWWm7ZhKHzHp1C13AkM0VhyGG5oyxN6SSeTjKgHApMx",
              "I7s7mk8ZkUntM30PLZkzfgpWWm7ZhKHzHp1C13AkM0Vj7MJKYX6e6nrjy8Ar7DokH"
            ],
            "location": {
              "end": 7364,
              "begin": 7361
            },
            "text": "EUR",
            "text_normalized": "EUR"
          }
        ],
        "due_dates": []
      },
      "advanced_rules": {}
    }
  ],
  "extracted_metadata": {
    "sha1": "36674DED6B22D0335069BC8BDACA4E0F872CC836",
    "filename": "invoice.pdf",
    "file_type": "pdf",
    "text_mappings": "{\"text_mappings\":[{\"page\":{\"page_number\":1,\"bbox\":[40.7528076171875,74.65092468261719,132.34913635253906,82.76208591461182]},\"field\":{\"name\":\"text\",\"index\":0,\"span\":[0,15]}},{\"page\":{\"page_number\":1,\"bbox\":[34.001319885253906,74.65092468261719,678.967529296875,502.8546233177185]},\"field\":{\"name\":\"text\",\"index\":0,\"span\":[15,930]}},{\"page\":{\"page_number\":1,\"bbox\":[34.001319885253906,520.4190063476562,129.33676147460938,604.8770537376404]},\"field\":{\"name\":\"text\",\"index\":0,\"span\":[930,985]}},{\"page\":{\"page_number\":1,\"bbox\":[34.001319885253906,622.4414672851562,534.883056640625,732.4050688743591]},\"field\":{\"name\":\"text\",\"index\":0,\"span\":[985,1307]}}],\"pages\":[{\"page_number\":0,\"height\":1683.0,\"width\":1190.0,\"origin\":\"TopLeft\"}]}",
    "title": "",
    "page_count": 1
  },
  "html": [
    "<html><head><meta charset=\"UTF-8\"/><meta name=\"numPages\" content=\"1\"/><title></title><style> .Times_Bold_Black_16_0_bold{font-size: 16.0pt; font-family: Times-Bold; color: Black; font-weight: bold;} .Times_Roman_Black_16_0{font-size: 16.0pt; font-family: Times-Roman; color: Black; }</style></head><body><table data-max-height=\"218.08241271972656\" border=\"1\" data-min-width=\"661.8939208984375\" data-min-height=\"218.08241271972656\" data-max-width=\"661.8939208984375\" data-max-y=\"60.62809371948242\" data-max-x=\"29.001121520996094\" data-min-y=\"60.62809371948242\" data-page=\"1\" data-min-x=\"29.001121520996094\"><tr><td colspan=\"1\" rowspan=\"1\" colstart=\"1\" rowstart=\"1\"><p indentation=\"0\"><span class=\"Times_Bold_Black_16_0_bold\"><bbox x=\"40.7528076171875\" y=\"74.65092468261719\" page=\"1\" height=\"8.111161231994629\" width=\"19.334335327148438\">Qty </bbox></span></p></td><td colspan=\"1\" rowspan=\"1\" colstart=\"2\" rowstart=\"1\"><p indentation=\"1\"><span class=\"Times_Bold_Black_16_0_bold\"><bbox x=\"73.0099105834961\" y=\"74.65092468261719\" page=\"1\" height=\"8.111161231994629\" width=\"59.33922576904297\">Description </bbox></span></p></td><td colspan=\"1\" rowspan=\"1\" colstart=\"3\" rowstart=\"1\"><p indentation=\"2\"><span class=\"Times_Bold_Black_16_0_bold\"><bbox x=\"519.358154296875\" y=\"74.65092468261719\" page=\"1\" height=\"8.111161231994629\" width=\"52.32403564453125\">Unit Price </bbox></span></p></td><td colspan=\"1\" rowspan=\"1\" colstart=\"4\" rowstart=\"1\"><p indentation=\"3\"><span class=\"Times_Bold_Black_16_0_bold\"><bbox x=\"584.62255859375\" y=\"74.65092468261719\" page=\"1\" height=\"8.111161231994629\" width=\"94.344970703125\">Line Price in EUR\n</bbox></span></p></td></tr><tr><td colspan=\"1\" rowspan=\"1\" colstart=\"1\" rowstart=\"2\"><p indentation=\"0\"><span class=\"Times_Roman_Black_16_0\"><bbox x=\"40.7528076171875\" y=\"101.07662200927734\" page=\"1\" height=\"7.941201686859131\" width=\"18.00395965576172\">252 </bbox></span></p></td><td colspan=\"1\" rowspan=\"1\" colstart=\"2\" rowstart=\"2\"><p indentation=\"1\"><span class=\"Times_Roman_Black_16_0\"><bbox x=\"73.0099105834961\" y=\"101.07662200927734\" page=\"1\" height=\"7.941201686859131\" width=\"369.32154083251953\">New Zealand - BOC New Zealand Ltd - Weekly - Service Fee Per Employee </bbox></span></p></td><td colspan=\"1\" rowspan=\"1\" colstart=\"3\" rowstart=\"2\"><p indentation=\"2\"><span class=\"Times_Roman_Black_16_0\"><bbox x=\"519.358154296875\" y=\"101.07662200927734\" page=\"1\" height=\"7.941201686859131\" width=\"26.56640625\">11.80 </bbox></span></p></td><td colspan=\"1\" rowspan=\"1\" colstart=\"4\" rowstart=\"2\"><p indentation=\"3\"><span class=\"Times_Roman_Black_16_0\"><bbox x=\"584.62255859375\" y=\"101.07662200927734\" page=\"1\" height=\"7.941201686859131\" width=\"42.00921630859375\">2,973.60\n</bbox></span></p></td></tr><tr><td colspan=\"1\" rowspan=\"1\" colstart=\"1\" rowstart=\"3\"><p indentation=\"0\"><span class=\"Times_Roman_Black_16_0\"><bbox x=\"40.7528076171875\" y=\"127.33235931396484\" page=\"1\" height=\"7.941201686859131\" width=\"12.002639770507812\">36 </bbox></span></p></td><td colspan=\"1\" rowspan=\"1\" colstart=\"2\" rowstart=\"3\"><p indentation=\"1\"><span class=\"Times_Roman_Black_16_0\"><bbox x=\"73.0099105834961\" y=\"127.33235931396484\" page=\"1\" height=\"7.941201686859131\" width=\"371.3083267211914\">New Zealand - Elgas New Zealand Ltd - Weekly - Service Fee Per Employee </bbox></span></p></td><td colspan=\"1\" rowspan=\"1\" colstart=\"3\" rowstart=\"3\"><p indentation=\"2\"><span class=\"Times_Roman_Black_16_0\"><bbox x=\"519.358154296875\" y=\"127.33235931396484\" page=\"1\" height=\"7.941201686859131\" width=\"26.56640625\">11.80 </bbox></span></p></td><td colspan=\"1\" rowspan=\"1\" colstart=\"4\" rowstart=\"3\"><p indentation=\"3\"><span class=\"Times_Roman_Black_16_0\"><bbox x=\"584.62255859375\" y=\"127.33235931396484\" page=\"1\" height=\"7.941201686859131\" width=\"33.00726318359375\">424.80\n</bbox></span></p></td></tr><tr><td colspan=\"1\" rowspan=\"1\" colstart=\"1\" rowstart=\"4\"><p indentation=\"0\"><span class=\"Times_Roman_Black_16_0\"><bbox x=\"40.7528076171875\" y=\"153.5882110595703\" page=\"1\" height=\"7.941201686859131\" width=\"18.00395965576172\">177 </bbox></span></p></td><td colspan=\"1\" rowspan=\"1\" colstart=\"2\" rowstart=\"4\"><p indentation=\"1\"><span class=\"Times_Roman_Black_16_0\"><bbox x=\"73.0099105834961\" y=\"153.5882110595703\" page=\"1\" height=\"7.941201686859131\" width=\"417.62516021728516\">New Zealand - Linde NZ - 800 New Zealand Ltd - Monthly Service Fee Per Employee </bbox></span></p></td><td colspan=\"1\" rowspan=\"1\" colstart=\"3\" rowstart=\"4\"><p indentation=\"2\"><span class=\"Times_Roman_Black_16_0\"><bbox x=\"519.358154296875\" y=\"153.5882110595703\" page=\"1\" height=\"7.941201686859131\" width=\"26.56640625\">11.80 </bbox></span></p></td><td colspan=\"1\" rowspan=\"1\" colstart=\"4\" rowstart=\"4\"><p indentation=\"3\"><span class=\"Times_Roman_Black_16_0\"><bbox x=\"584.62255859375\" y=\"153.5882110595703\" page=\"1\" height=\"7.941201686859131\" width=\"42.00921630859375\">2,088.60\n</bbox></span></p></td></tr><tr><td colspan=\"1\" rowspan=\"1\" colstart=\"1\" rowstart=\"5\"><p indentation=\"0\"><span class=\"Times_Roman_Black_16_0\"><bbox x=\"40.7528076171875\" y=\"179.8439483642578\" page=\"1\" height=\"7.941201686859131\" width=\"12.002639770507812\">30 </bbox></span></p></td><td colspan=\"1\" rowspan=\"1\" colstart=\"2\" rowstart=\"5\"><p indentation=\"1\"><span class=\"Times_Roman_Black_16_0\"><bbox x=\"73.0099105834961\" y=\"179.8439483642578\" page=\"1\" height=\"7.941201686859131\" width=\"433.2848587036133\">New Zealand - Linde NZ - Elgas New Zealand Ltd - Monthly - Service Fee Per Employee </bbox></span></p></td><td colspan=\"1\" rowspan=\"1\" colstart=\"3\" rowstart=\"5\"><p indentation=\"2\"><span class=\"Times_Roman_Black_16_0\"><bbox x=\"519.358154296875\" y=\"179.8439483642578\" page=\"1\" height=\"7.941201686859131\" width=\"26.56640625\">11.80 </bbox></span></p></td><td colspan=\"1\" rowspan=\"1\" colstart=\"4\" rowstart=\"5\"><p indentation=\"3\"><span class=\"Times_Roman_Black_16_0\"><bbox x=\"584.62255859375\" y=\"179.8439483642578\" page=\"1\" height=\"7.941201686859131\" width=\"33.00726318359375\">354.00\n</bbox></span></p></td></tr><tr><td colspan=\"2\" rowspan=\"1\" colstart=\"1\" rowstart=\"6\"><p indentation=\"0\"><span class=\"Times_Roman_Black_16_0\"><bbox x=\"40.7528076171875\" y=\"206.0996856689453\" page=\"1\" height=\"7.941201686859131\" width=\"98.78736877441406\">Subtotal (excl. VAT) </bbox></span></p></td><td colspan=\"1\" rowspan=\"1\" colstart=\"3\" rowstart=\"6\">&nbsp;</td><td colspan=\"1\" rowspan=\"1\" colstart=\"4\" rowstart=\"6\"><p indentation=\"3\"><span class=\"Times_Roman_Black_16_0\"><bbox x=\"584.62255859375\" y=\"206.0996856689453\" page=\"1\" height=\"7.941201686859131\" width=\"42.00921630859375\">5,841.00\n</bbox></span></p></td></tr><tr><td colspan=\"3\" rowspan=\"1\" colstart=\"1\" rowstart=\"7\"><p indentation=\"0\"><span class=\"Times_Roman_Black_16_0\"><bbox x=\"40.7528076171875\" y=\"232.3555450439453\" page=\"1\" height=\"7.941201686859131\" width=\"389.42364501953125\">V.A.T_ Reverse charge mechanism applies (article 44 of Directive 2006/112/EC) </bbox></span></p></td><td colspan=\"1\" rowspan=\"1\" colstart=\"4\" rowstart=\"7\"><p indentation=\"3\"><span class=\"Times_Roman_Black_16_0\"><bbox x=\"584.62255859375\" y=\"232.3555450439453\" page=\"1\" height=\"7.941201686859131\" width=\"21.004638671875\">0.00\n</bbox></span></p></td></tr><tr><td colspan=\"3\" rowspan=\"1\" colstart=\"1\" rowstart=\"8\"><p indentation=\"0\"><span class=\"Times_Roman_Black_16_0\"><bbox x=\"40.7528076171875\" y=\"258.6112976074219\" page=\"1\" height=\"7.941201686859131\" width=\"481.60601806640625\">Total Amount in EUR </bbox></span></p></td><td colspan=\"1\" rowspan=\"1\" colstart=\"4\" rowstart=\"8\"><p indentation=\"3\"><span class=\"Times_Roman_Black_16_0\"><bbox x=\"584.62255859375\" y=\"258.6112976074219\" page=\"1\" height=\"7.941201686859131\" width=\"42.00921630859375\">5,841.00\n</bbox></span></p></td></tr></table><p text-alignment=\"left\"><span class=\"Times_Roman_Black_16_0\"><bbox x=\"34.001319885253906\" y=\"290.8684997558594\" page=\"1\" height=\"33.44681692123413\" width=\"475.3234176635742\">ADP lnte rnational Se rvices BV Lylantse Baan 1 2908 LG Capelle aan den IJssel The Netherlands Tax Registration No. NL8161.09.436.BO1\n</bbox></span></p><p text-alignment=\"left\"><span class=\"Times_Roman_Black_16_0\"><bbox x=\"34.001319885253906\" y=\"341.8797302246094\" page=\"1\" height=\"33.44681692123413\" width=\"510.94454193115234\">705/1663 ZOOPURFU 1 00705 IBM Deutschland GmbH (Linde) IBM-Allee 1 71139 Ehningen Germany Customer No.: ISO11247 VAT Number: DE145178813 Purchase Order: 4620257561\n</bbox></span></p><p text-alignment=\"left\"><span class=\"Times_Roman_Black_16_0\"><bbox x=\"34.001319885253906\" y=\"392.8909606933594\" page=\"1\" height=\"33.44681692123413\" width=\"68.99761199951172\">Period: March 2018\n</bbox></span></p><p text-alignment=\"left\"><span class=\"Times_Roman_Black_16_0\"><bbox x=\"34.001319885253906\" y=\"443.9021911621094\" page=\"1\" height=\"160.974862575531\" width=\"108.0062026977539\">Invoice No. : 1844956 Date: 27.04.18 Payment Terms: Net Due in 60 Days Payable to: INVOICE BNP Paribas S.A.\n</bbox></span></p><p text-alignment=\"left\"><span class=\"Times_Roman_Black_16_0\"><bbox x=\"34.001319885253906\" y=\"622.4414672851562\" page=\"1\" height=\"33.44681692123413\" width=\"500.8817367553711\">IBAN: NL398NPA0227674162 Account Number: 0227674162 SWIFT/BIC number: BNPANL2AXXX Contact: Billing Department\n</bbox></span></p><p text-alignment=\"left\"><span class=\"Times_Roman_Black_16_0\"><bbox x=\"34.001319885253906\" y=\"673.45263671875\" page=\"1\" height=\"58.95243215560913\" width=\"382.98274993896484\">Remittance Advice should be sent to: sl-remittance.advices@adp.com Billing Queries should be sent to: Streamline.Billing@adpstream|ine.com Reoistered at the Chamber of Commerce r KVK'I under file number: 24399098\n</bbox></span></p></body></html>"
  ],
  "text": "Qty Description Unit Price Line Price in EUR 252 New Zealand - BOC New Zealand Ltd - Weekly - Service Fee Per Employee 11.80 2,973.60 36 New Zealand - Elgas New Zealand Ltd - Weekly - Service Fee Per Employee 11.80 424.80 177 New Zealand - Linde NZ - 800 New Zealand Ltd - Monthly Service Fee Per Employee 11.80 2,088.60 30 New Zealand - Linde NZ - Elgas New Zealand Ltd - Monthly - Service Fee Per Employee 11.80 354.00 Subtotal (excl. VAT) 5,841.00 V.A.T_ Reverse charge mechanism applies (article 44 of Directive 2006/112/EC) 0.00 Total Amount in EUR 5,841.00 ADP lnte rnational Se rvices BV Lylantse Baan 1 2908 LG Capelle aan den IJssel The Netherlands Tax Registration No. NL8161.09.436.BO1 705/1663 ZOOPURFU 1 00705 IBM Deutschland GmbH (Linde) IBM-Allee 1 71139 Ehningen Germany Customer No.: ISO11247 VAT Number: DE145178813 Purchase Order: 4620257561 Period: March 2018 Invoice No. : 1844956 Date: 27.04.18 Payment Terms: Net Due in 60 Days Payable to: INVOICE BNP Paribas S.A. IBAN: NL398NPA0227674162 Account Number: 0227674162 SWIFT/BIC number: BNPANL2AXXX Contact: Billing Department Remittance Advice should be sent to: sl-remittance.advices@adp.com Billing Queries should be sent to: Streamline.Billing@adpstream|ine.com Reoistered at the Chamber of Commerce r KVK\u2018I under file number: 24399098"
}
