{
  "matching_results": 2,
  "results": [
    {
      "document_id": "e5db21d93f99dd25aefd97d1d247f418",
      "extracted_metadata": {
        "filename": "some other other file name",
        "title": "file 1 title"
      },
      "document_passages": [
        {
          "field": "text",
          "passage_text": "riverrun, past Eve and Adam's, from swerve of shore to bend of bay, brings us by a commodius vicus of recirculation back to Howth Castle and <em>abil</em>."
        }
      ]
    },
    {
      "document_id": "e5db21d93f99dd25aefd97d1d247f416",
      "extracted_metadata": {
        "filename": "some file name",
        "title": "file 1 title"
      },
      "document_passages": [
        {
          "field": "text",
          "passage_text": "Cry <em>abil</em>! And let slip the dogs of war!"
        }
      ]
    }
  ]
}
