{
  "matching_results": 1,
  "results": [
    {
      "document_id": "e5db21d93f99dd25aefd97d1d247f418",
      "extracted_metadata": {
        "filename": "some other other file name",
        "title": "file 3 title"
      },
      "document_passages": [
        {
          "field": "text",
          "passage_text": "riverrun, past Eve and Adam's, from swerve of shore to bend of bay, brings us by a commodius vicus of recirculation back to Howth Castle and <em>abil</em>."
        }
      ]
    }
  ]
}
