{
  "matching_results": 1,
  "retrieval_details": {
    "document_retrieval_strategy": "untrained"
  },
  "suggested_refinements": [],
  "aggregations": [],
  "results": [
    {
      "document_id": "DOCUMENT_0",
      "result_metadata": {
        "collection_id": "COLLECTION_ID_0",
        "document_retrieval_source": "search",
        "confidence": 0.04793
      },
      "text": [
        "Supervised Learning Unsupervised Learning Support Vector Machines K-Means Nearest Neighbor Hidden Markov Model"
      ],
      "enriched_text": [],
      "metadata": {
        "parent_document_id": "PARENT_DOCUMENT_ID_0"
      },
      "extracted_metadata": {
        "sha1": "C430CF959216D050CA8C077B6372F78B804E0E7D",
        "numPages": "1",
        "filename": "test.pdf",
        "file_type": "structure"
      }
    },
    {
      "document_id": "DOCUMENT_1",
      "result_metadata": {
        "collection_id": "COLLECTION_ID_0",
        "document_retrieval_source": "search",
        "confidence": 0.04793
      },
      "enriched_text": [],
      "metadata": {
        "parent_document_id": "PARENT_DOCUMENT_ID_1"
      },
      "extracted_metadata": {
        "sha1": "C430CF959216D050CA8C077B6372F78B804E0E7D",
        "numPages": "1",
        "filename": "foo.pdf",
        "file_type": "pdf"
      },
      "text": [
        "This is a document.\nThis result has multiple passages, so we'll display them in the order that they're returned. LEARNING. We can display multiple passages that are returned for each document."
      ],
      "document_passages": [
        {
          "passage_text": "This result has multiple passages, so we'll display them in the order that they're returned. <em>LEARNING</em>.",
          "start_offset": 0,
          "end_offset": 111,
          "field": "text"
        },
        {
          "passage_text": "We can display multiple passages that are returned for each document.",
          "start_offset": 112,
          "end_offset": 181,
          "field": "text"
        }
      ]
    },
    {
      "document_id": "DOCUMENT_2",
      "result_metadata": {
        "collection_id": "COLLECTION_ID_0",
        "document_retrieval_source": "search",
        "confidence": 0.04793
      },
      "enriched_text": [],
      "metadata": {
        "parent_document_id": "PARENT_DOCUMENT_ID_0"
      },
      "extracted_metadata": {
        "sha1": "C430CF959216D050CA8C077B6372F78B804E0E7D",
        "numPages": "1",
        "filename": "bar.pdf",
        "file_type": "pdf"
      }
    },
    {
      "document_id": "DOCUMENT_3",
      "result_metadata": {
        "collection_id": "COLLECTION_ID_0",
        "document_retrieval_source": "search",
        "confidence": 0.04793
      },
      "enriched_text": [],
      "metadata": {
        "parent_document_id": "PARENT_DOCUMENT_ID_1"
      },
      "extracted_metadata": {
        "sha1": "C430CF959216D050CA8C077B6372F78B804E0E7D",
        "numPages": "1",
        "filename": "foo.pdf",
        "file_type": "pdf"
      },
      "text": ["This result has passages and a table. LEARNING"],
      "document_passages": [
        {
          "passage_text": "This result has passages and a table. <em>LEARNING</em>",
          "start_offset": 0,
          "end_offset": 46,
          "field": "text"
        }
      ]
    },
    {
      "document_id": "DOCUMENT_4",
      "result_metadata": {
        "collection_id": "COLLECTION_ID_0",
        "document_retrieval_source": "search",
        "confidence": 0.05678
      },
      "text": ["This document is just basic text."],
      "enriched_text": [],
      "metadata": {
        "parent_document_id": "PARENT_DOCUMENT_ID_0"
      },
      "extracted_metadata": {
        "sha1": "C430CF959216D050CA8C077B6372F78B804E0E7D",
        "numPages": "1",
        "filename": "basic.pdf",
        "file_type": "structure"
      },
      "document_passages": [
        {
          "passage_text": "This document is just basic text.",
          "start_offset": 0,
          "end_offset": 35,
          "field": "text"
        }
      ]
    }
  ],
  "table_results": [
    {
      "table_id": "TABLE_0",
      "source_document_id": "DOCUMENT_0",
      "collection_id": "COLLECTION_ID_0",
      "table_html": "<table style='width:100%'><tr><th>Supervised Learning</th><th>Unsupervised Learning</th></tr><tr><td>Support Vector Machines</td><td>K-Means</td></tr><tr><td>Nearest Neighbor</td><td>Hidden Markov Model</td></tr></table>",
      "table_html_offset": 0,
      "table": {
        "location": {
          "begin": 0,
          "end": 100
        }
      }
    },
    {
      "table_id": "TABLE_1",
      "source_document_id": "DOCUMENT_1",
      "collection_id": "COLLECTION_ID_0",
      "table_html": "<table style='width:100%'><tr><th>Col A</th><th>Col B</th></tr><tr><td>Learning</td><td>You should be able to see this table</td></table>"
    },
    {
      "table_id": "TABLE_2",
      "source_document_id": "DOCUMENT_1",
      "collection_id": "COLLECTION_ID_0",
      "table_html": "<table style='width:100%'><tr><th>Col A</th><th>Col B</th></tr><tr><td>Learning</td><td>You should NOT be able to see this table</td></table>"
    },
    {
      "table_id": "TABLE_3",
      "source_document_id": "DOCUMENT_2",
      "collection_id": "COLLECTION_ID_0",
      "table_html": "<table style='width:100%'><tr><th>Col A</th><th>Col B</th></tr><tr><td>Learning</td><td>You should ONLY see this table when tables-only results are shown.</td></table>"
    },
    {
      "table_id": "TABLE_4",
      "source_document_id": "DOCUMENT_3",
      "collection_id": "COLLECTION_ID_0",
      "table_html": "<table style='width:100%'><tr><th>Col A</th><th>Col B</th></tr><tr><td>Learning</td><td>This table has an accompanying passage</td></table>"
    }
  ]
}
