{"v":4,"entries":{"cidocument--docs":{"id":"cidocument--docs","title":"CIDocument","name":"Docs","importPath":"./src/components/CIDocument/components/CIDocument/__stories__/CIDocument.stories.tsx","type":"docs","tags":["docs","autodocs"],"storiesImports":[]},"cidocument--default":{"type":"story","id":"cidocument--default","name":"default","title":"CIDocument","importPath":"./src/components/CIDocument/components/CIDocument/__stories__/CIDocument.stories.tsx","tags":["story"]},"cidocument--parse-error":{"type":"story","id":"cidocument--parse-error","name":"parse error","title":"CIDocument","importPath":"./src/components/CIDocument/components/CIDocument/__stories__/CIDocument.stories.tsx","tags":["story"]},"discoverysearch--docs":{"id":"discoverysearch--docs","title":"DiscoverySearch","name":"Docs","importPath":"./src/components/DiscoverySearch/__stories__/DiscoverySearch.stories.tsx","type":"docs","tags":["docs","autodocs"],"storiesImports":[]},"discoverysearch--default":{"type":"story","id":"discoverysearch--default","name":"default","title":"DiscoverySearch","importPath":"./src/components/DiscoverySearch/__stories__/DiscoverySearch.stories.tsx","tags":["story"]},"discoverysearch--custom-search-client":{"type":"story","id":"discoverysearch--custom-search-client","name":"custom search client","title":"DiscoverySearch","importPath":"./src/components/DiscoverySearch/__stories__/DiscoverySearch.stories.tsx","tags":["story"]},"documentpreview--docs":{"id":"documentpreview--docs","title":"DocumentPreview","name":"Docs","importPath":"./src/components/DocumentPreview/__stories__/DocumentPreview.stories.tsx","type":"docs","tags":["docs","autodocs"],"storiesImports":[]},"documentpreview--default":{"type":"story","id":"documentpreview--default","name":"default","title":"DocumentPreview","importPath":"./src/components/DocumentPreview/__stories__/DocumentPreview.stories.tsx","tags":["story"]},"documentpreview--passage-highlighting":{"type":"story","id":"documentpreview--passage-highlighting","name":"passage highlighting","title":"DocumentPreview","importPath":"./src/components/DocumentPreview/__stories__/DocumentPreview.stories.tsx","tags":["story"]},"documentpreview--table-highlight":{"type":"story","id":"documentpreview--table-highlight","name":"table highlight","title":"DocumentPreview","importPath":"./src/components/DocumentPreview/__stories__/DocumentPreview.stories.tsx","tags":["story"]},"documentpreview--fallback-component":{"type":"story","id":"documentpreview--fallback-component","name":"fallback component","title":"DocumentPreview","importPath":"./src/components/DocumentPreview/__stories__/DocumentPreview.stories.tsx","tags":["story"]},"documentpreview--loading-file-with-timeout":{"type":"story","id":"documentpreview--loading-file-with-timeout","name":"loading file with timeout","title":"DocumentPreview","importPath":"./src/components/DocumentPreview/__stories__/DocumentPreview.stories.tsx","tags":["story"]},"resultspagination--docs":{"id":"resultspagination--docs","title":"ResultsPagination","name":"Docs","importPath":"./src/components/ResultsPagination/__stories__/ResultsPagination.stories.tsx","type":"docs","tags":["docs","autodocs"],"storiesImports":[]},"resultspagination--default":{"type":"story","id":"resultspagination--default","name":"default","title":"ResultsPagination","importPath":"./src/components/ResultsPagination/__stories__/ResultsPagination.stories.tsx","tags":["story"]},"searchfacets--docs":{"id":"searchfacets--docs","title":"SearchFacets","name":"Docs","importPath":"./src/components/SearchFacets/__stories__/SearchFacets.stories.tsx","type":"docs","tags":["docs","autodocs"],"storiesImports":[]},"searchfacets--default":{"type":"story","id":"searchfacets--default","name":"default","title":"SearchFacets","importPath":"./src/components/SearchFacets/__stories__/SearchFacets.stories.tsx","tags":["story"]},"searchfacets--with-initial-selected-collection":{"type":"story","id":"searchfacets--with-initial-selected-collection","name":"with initial selected collection","title":"SearchFacets","importPath":"./src/components/SearchFacets/__stories__/SearchFacets.stories.tsx","tags":["story"]},"searchfacets--with-initial-selected-facets":{"type":"story","id":"searchfacets--with-initial-selected-facets","name":"with initial selected facets","title":"SearchFacets","importPath":"./src/components/SearchFacets/__stories__/SearchFacets.stories.tsx","tags":["story"]},"searchinput--docs":{"id":"searchinput--docs","title":"SearchInput","name":"Docs","importPath":"./src/components/SearchInput/__stories__/SearchInput.stories.tsx","type":"docs","tags":["docs","autodocs"],"storiesImports":[]},"searchinput--default":{"type":"story","id":"searchinput--default","name":"default","title":"SearchInput","importPath":"./src/components/SearchInput/__stories__/SearchInput.stories.tsx","tags":["story"]},"searchinput--with-spelling-suggestions":{"type":"story","id":"searchinput--with-spelling-suggestions","name":"with spelling suggestions","title":"SearchInput","importPath":"./src/components/SearchInput/__stories__/SearchInput.stories.tsx","tags":["story"]},"searchresults--docs":{"id":"searchresults--docs","title":"SearchResults","name":"Docs","importPath":"./src/components/SearchResults/__stories__/SearchResults.stories.tsx","type":"docs","tags":["docs","autodocs"],"storiesImports":[]},"searchresults--default":{"type":"story","id":"searchresults--default","name":"default","title":"SearchResults","importPath":"./src/components/SearchResults/__stories__/SearchResults.stories.tsx","tags":["story"]},"structuredquery--docs":{"id":"structuredquery--docs","title":"StructuredQuery","name":"Docs","importPath":"./src/components/StructuredQuery/__stories__/StructuredQuery.stories.tsx","type":"docs","tags":["docs","autodocs"],"storiesImports":[]},"structuredquery--default":{"type":"story","id":"structuredquery--default","name":"default","title":"StructuredQuery","importPath":"./src/components/StructuredQuery/__stories__/StructuredQuery.stories.tsx","tags":["story"]}}}
