{"v":3,"stories":{"cidocument--docs":{"id":"cidocument--docs","title":"CIDocument","name":"Docs","importPath":"./src/components/CIDocument/components/CIDocument/__stories__/CIDocument.stories.tsx","tags":["docs","autodocs"],"storiesImports":[],"kind":"CIDocument","story":"Docs","parameters":{"__id":"cidocument--docs","docsOnly":true,"fileName":"./src/components/CIDocument/components/CIDocument/__stories__/CIDocument.stories.tsx"}},"cidocument--default":{"id":"cidocument--default","name":"default","title":"CIDocument","importPath":"./src/components/CIDocument/components/CIDocument/__stories__/CIDocument.stories.tsx","tags":["story"],"kind":"CIDocument","story":"default","parameters":{"__id":"cidocument--default","docsOnly":false,"fileName":"./src/components/CIDocument/components/CIDocument/__stories__/CIDocument.stories.tsx"}},"cidocument--parse-error":{"id":"cidocument--parse-error","name":"parse error","title":"CIDocument","importPath":"./src/components/CIDocument/components/CIDocument/__stories__/CIDocument.stories.tsx","tags":["story"],"kind":"CIDocument","story":"parse error","parameters":{"__id":"cidocument--parse-error","docsOnly":false,"fileName":"./src/components/CIDocument/components/CIDocument/__stories__/CIDocument.stories.tsx"}},"discoverysearch--docs":{"id":"discoverysearch--docs","title":"DiscoverySearch","name":"Docs","importPath":"./src/components/DiscoverySearch/__stories__/DiscoverySearch.stories.tsx","tags":["docs","autodocs"],"storiesImports":[],"kind":"DiscoverySearch","story":"Docs","parameters":{"__id":"discoverysearch--docs","docsOnly":true,"fileName":"./src/components/DiscoverySearch/__stories__/DiscoverySearch.stories.tsx"}},"discoverysearch--default":{"id":"discoverysearch--default","name":"default","title":"DiscoverySearch","importPath":"./src/components/DiscoverySearch/__stories__/DiscoverySearch.stories.tsx","tags":["story"],"kind":"DiscoverySearch","story":"default","parameters":{"__id":"discoverysearch--default","docsOnly":false,"fileName":"./src/components/DiscoverySearch/__stories__/DiscoverySearch.stories.tsx"}},"discoverysearch--custom-search-client":{"id":"discoverysearch--custom-search-client","name":"custom search client","title":"DiscoverySearch","importPath":"./src/components/DiscoverySearch/__stories__/DiscoverySearch.stories.tsx","tags":["story"],"kind":"DiscoverySearch","story":"custom search client","parameters":{"__id":"discoverysearch--custom-search-client","docsOnly":false,"fileName":"./src/components/DiscoverySearch/__stories__/DiscoverySearch.stories.tsx"}},"documentpreview--docs":{"id":"documentpreview--docs","title":"DocumentPreview","name":"Docs","importPath":"./src/components/DocumentPreview/__stories__/DocumentPreview.stories.tsx","tags":["docs","autodocs"],"storiesImports":[],"kind":"DocumentPreview","story":"Docs","parameters":{"__id":"documentpreview--docs","docsOnly":true,"fileName":"./src/components/DocumentPreview/__stories__/DocumentPreview.stories.tsx"}},"documentpreview--default":{"id":"documentpreview--default","name":"default","title":"DocumentPreview","importPath":"./src/components/DocumentPreview/__stories__/DocumentPreview.stories.tsx","tags":["story"],"kind":"DocumentPreview","story":"default","parameters":{"__id":"documentpreview--default","docsOnly":false,"fileName":"./src/components/DocumentPreview/__stories__/DocumentPreview.stories.tsx"}},"documentpreview--passage-highlighting":{"id":"documentpreview--passage-highlighting","name":"passage highlighting","title":"DocumentPreview","importPath":"./src/components/DocumentPreview/__stories__/DocumentPreview.stories.tsx","tags":["story"],"kind":"DocumentPreview","story":"passage highlighting","parameters":{"__id":"documentpreview--passage-highlighting","docsOnly":false,"fileName":"./src/components/DocumentPreview/__stories__/DocumentPreview.stories.tsx"}},"documentpreview--table-highlight":{"id":"documentpreview--table-highlight","name":"table highlight","title":"DocumentPreview","importPath":"./src/components/DocumentPreview/__stories__/DocumentPreview.stories.tsx","tags":["story"],"kind":"DocumentPreview","story":"table highlight","parameters":{"__id":"documentpreview--table-highlight","docsOnly":false,"fileName":"./src/components/DocumentPreview/__stories__/DocumentPreview.stories.tsx"}},"documentpreview--fallback-component":{"id":"documentpreview--fallback-component","name":"fallback component","title":"DocumentPreview","importPath":"./src/components/DocumentPreview/__stories__/DocumentPreview.stories.tsx","tags":["story"],"kind":"DocumentPreview","story":"fallback component","parameters":{"__id":"documentpreview--fallback-component","docsOnly":false,"fileName":"./src/components/DocumentPreview/__stories__/DocumentPreview.stories.tsx"}},"documentpreview--loading-file-with-timeout":{"id":"documentpreview--loading-file-with-timeout","name":"loading file with timeout","title":"DocumentPreview","importPath":"./src/components/DocumentPreview/__stories__/DocumentPreview.stories.tsx","tags":["story"],"kind":"DocumentPreview","story":"loading file with timeout","parameters":{"__id":"documentpreview--loading-file-with-timeout","docsOnly":false,"fileName":"./src/components/DocumentPreview/__stories__/DocumentPreview.stories.tsx"}},"resultspagination--docs":{"id":"resultspagination--docs","title":"ResultsPagination","name":"Docs","importPath":"./src/components/ResultsPagination/__stories__/ResultsPagination.stories.tsx","tags":["docs","autodocs"],"storiesImports":[],"kind":"ResultsPagination","story":"Docs","parameters":{"__id":"resultspagination--docs","docsOnly":true,"fileName":"./src/components/ResultsPagination/__stories__/ResultsPagination.stories.tsx"}},"resultspagination--default":{"id":"resultspagination--default","name":"default","title":"ResultsPagination","importPath":"./src/components/ResultsPagination/__stories__/ResultsPagination.stories.tsx","tags":["story"],"kind":"ResultsPagination","story":"default","parameters":{"__id":"resultspagination--default","docsOnly":false,"fileName":"./src/components/ResultsPagination/__stories__/ResultsPagination.stories.tsx"}},"searchfacets--docs":{"id":"searchfacets--docs","title":"SearchFacets","name":"Docs","importPath":"./src/components/SearchFacets/__stories__/SearchFacets.stories.tsx","tags":["docs","autodocs"],"storiesImports":[],"kind":"SearchFacets","story":"Docs","parameters":{"__id":"searchfacets--docs","docsOnly":true,"fileName":"./src/components/SearchFacets/__stories__/SearchFacets.stories.tsx"}},"searchfacets--default":{"id":"searchfacets--default","name":"default","title":"SearchFacets","importPath":"./src/components/SearchFacets/__stories__/SearchFacets.stories.tsx","tags":["story"],"kind":"SearchFacets","story":"default","parameters":{"__id":"searchfacets--default","docsOnly":false,"fileName":"./src/components/SearchFacets/__stories__/SearchFacets.stories.tsx"}},"searchfacets--with-initial-selected-collection":{"id":"searchfacets--with-initial-selected-collection","name":"with initial selected collection","title":"SearchFacets","importPath":"./src/components/SearchFacets/__stories__/SearchFacets.stories.tsx","tags":["story"],"kind":"SearchFacets","story":"with initial selected collection","parameters":{"__id":"searchfacets--with-initial-selected-collection","docsOnly":false,"fileName":"./src/components/SearchFacets/__stories__/SearchFacets.stories.tsx"}},"searchfacets--with-initial-selected-facets":{"id":"searchfacets--with-initial-selected-facets","name":"with initial selected facets","title":"SearchFacets","importPath":"./src/components/SearchFacets/__stories__/SearchFacets.stories.tsx","tags":["story"],"kind":"SearchFacets","story":"with initial selected facets","parameters":{"__id":"searchfacets--with-initial-selected-facets","docsOnly":false,"fileName":"./src/components/SearchFacets/__stories__/SearchFacets.stories.tsx"}},"searchinput--docs":{"id":"searchinput--docs","title":"SearchInput","name":"Docs","importPath":"./src/components/SearchInput/__stories__/SearchInput.stories.tsx","tags":["docs","autodocs"],"storiesImports":[],"kind":"SearchInput","story":"Docs","parameters":{"__id":"searchinput--docs","docsOnly":true,"fileName":"./src/components/SearchInput/__stories__/SearchInput.stories.tsx"}},"searchinput--default":{"id":"searchinput--default","name":"default","title":"SearchInput","importPath":"./src/components/SearchInput/__stories__/SearchInput.stories.tsx","tags":["story"],"kind":"SearchInput","story":"default","parameters":{"__id":"searchinput--default","docsOnly":false,"fileName":"./src/components/SearchInput/__stories__/SearchInput.stories.tsx"}},"searchinput--with-spelling-suggestions":{"id":"searchinput--with-spelling-suggestions","name":"with spelling suggestions","title":"SearchInput","importPath":"./src/components/SearchInput/__stories__/SearchInput.stories.tsx","tags":["story"],"kind":"SearchInput","story":"with spelling suggestions","parameters":{"__id":"searchinput--with-spelling-suggestions","docsOnly":false,"fileName":"./src/components/SearchInput/__stories__/SearchInput.stories.tsx"}},"searchresults--docs":{"id":"searchresults--docs","title":"SearchResults","name":"Docs","importPath":"./src/components/SearchResults/__stories__/SearchResults.stories.tsx","tags":["docs","autodocs"],"storiesImports":[],"kind":"SearchResults","story":"Docs","parameters":{"__id":"searchresults--docs","docsOnly":true,"fileName":"./src/components/SearchResults/__stories__/SearchResults.stories.tsx"}},"searchresults--default":{"id":"searchresults--default","name":"default","title":"SearchResults","importPath":"./src/components/SearchResults/__stories__/SearchResults.stories.tsx","tags":["story"],"kind":"SearchResults","story":"default","parameters":{"__id":"searchresults--default","docsOnly":false,"fileName":"./src/components/SearchResults/__stories__/SearchResults.stories.tsx"}},"structuredquery--docs":{"id":"structuredquery--docs","title":"StructuredQuery","name":"Docs","importPath":"./src/components/StructuredQuery/__stories__/StructuredQuery.stories.tsx","tags":["docs","autodocs"],"storiesImports":[],"kind":"StructuredQuery","story":"Docs","parameters":{"__id":"structuredquery--docs","docsOnly":true,"fileName":"./src/components/StructuredQuery/__stories__/StructuredQuery.stories.tsx"}},"structuredquery--default":{"id":"structuredquery--default","name":"default","title":"StructuredQuery","importPath":"./src/components/StructuredQuery/__stories__/StructuredQuery.stories.tsx","tags":["story"],"kind":"StructuredQuery","story":"default","parameters":{"__id":"structuredquery--default","docsOnly":false,"fileName":"./src/components/StructuredQuery/__stories__/StructuredQuery.stories.tsx"}}}}
